ts,timestamp,open,high,low,close,volume
1756514700,2025-08-30 00:45:00+00:00,857.72,859.71,857.72,859.7,565.489
1756515000,2025-08-30 00:50:00+00:00,859.71,860.01,859.22,859.32,980.399
1756515300,2025-08-30 00:55:00+00:00,859.31,859.51,858.52,859.45,505.576
1756515600,2025-08-30 01:00:00+00:00,859.45,860.3,859.36,860.3,391.751
1756515900,2025-08-30 01:05:00+00:00,860.3,860.54,859.9,860.21,225.819
1756516200,2025-08-30 01:10:00+00:00,860.21,860.36,859.88,859.96,141.039
1756516500,2025-08-30 01:15:00+00:00,859.95,859.96,859.4,859.61,162.468
1756516800,2025-08-30 01:20:00+00:00,859.61,859.95,859.16,859.17,103.699
1756517100,2025-08-30 01:25:00+00:00,859.16,859.17,857.85,858.0,253.198
1756517400,2025-08-30 01:30:00+00:00,858.0,858.6,857.56,858.6,332.366
1756517700,2025-08-30 01:35:00+00:00,858.6,858.6,857.68,857.96,233.706
1756518000,2025-08-30 01:40:00+00:00,857.95,857.99,857.3,857.3,380.855
1756518300,2025-08-30 01:45:00+00:00,857.3,857.31,856.34,856.34,199.391
1756518600,2025-08-30 01:50:00+00:00,856.35,856.35,854.22,854.23,709.632
1756518900,2025-08-30 01:55:00+00:00,854.23,854.82,852.39,852.88,1538.685
1756519200,2025-08-30 02:00:00+00:00,852.88,854.9,852.27,854.72,1341.414
1756519500,2025-08-30 02:05:00+00:00,854.73,856.88,854.72,856.23,784.515
1756519800,2025-08-30 02:10:00+00:00,856.23,856.95,856.22,856.89,258.599
1756520100,2025-08-30 02:15:00+00:00,856.9,858.0,856.67,857.81,472.094
1756520400,2025-08-30 02:20:00+00:00,857.81,858.16,857.4,857.4,227.375
1756520700,2025-08-30 02:25:00+00:00,857.41,857.8,856.53,857.73,868.286
1756521000,2025-08-30 02:30:00+00:00,857.73,859.4,857.73,858.78,612.16
1756521300,2025-08-30 02:35:00+00:00,858.78,859.39,858.45,858.65,681.831
1756521600,2025-08-30 02:40:00+00:00,858.65,859.21,858.65,858.69,360.58
1756521900,2025-08-30 02:45:00+00:00,858.69,858.69,857.48,857.61,166.023
1756522200,2025-08-30 02:50:00+00:00,857.62,857.72,856.9,856.91,195.037
1756522500,2025-08-30 02:55:00+00:00,856.91,857.1,856.46,856.54,409.013
1756522800,2025-08-30 03:00:00+00:00,856.55,857.4,856.4,857.4,222.402
1756523100,2025-08-30 03:05:00+00:00,857.39,857.75,857.0,857.57,570.69
1756523400,2025-08-30 03:10:00+00:00,857.57,858.5,857.36,858.27,537.328
1756523700,2025-08-30 03:15:00+00:00,858.27,859.37,858.27,859.34,625.091
1756524000,2025-08-30 03:20:00+00:00,859.34,861.4,859.11,860.64,709.279
1756524300,2025-08-30 03:25:00+00:00,860.64,861.62,860.51,861.31,963.828
1756524600,2025-08-30 03:30:00+00:00,861.31,861.78,860.43,860.43,499.692
1756524900,2025-08-30 03:35:00+00:00,860.43,861.06,860.0,860.57,257.244
1756525200,2025-08-30 03:40:00+00:00,860.57,860.82,860.4,860.59,325.125
1756525500,2025-08-30 03:45:00+00:00,860.6,861.58,860.6,860.9,307.716
1756525800,2025-08-30 03:50:00+00:00,860.9,861.4,860.75,860.95,442.121
1756526100,2025-08-30 03:55:00+00:00,860.95,861.3,860.41,860.48,275.307
1756526400,2025-08-30 04:00:00+00:00,860.48,860.68,859.93,860.24,151.046
1756526700,2025-08-30 04:05:00+00:00,860.24,860.81,860.12,860.67,313.227
1756527000,2025-08-30 04:10:00+00:00,860.67,860.67,860.03,860.04,169.185
1756527300,2025-08-30 04:15:00+00:00,860.03,860.9,859.91,860.9,127.847
1756527600,2025-08-30 04:20:00+00:00,860.9,861.06,860.38,861.06,161.826
1756527900,2025-08-30 04:25:00+00:00,861.08,861.54,861.08,861.25,294.442
1756528200,2025-08-30 04:30:00+00:00,861.25,861.3,859.51,859.79,854.33
1756528500,2025-08-30 04:35:00+00:00,859.8,859.88,857.85,858.3,1076.282
1756528800,2025-08-30 04:40:00+00:00,858.3,858.72,857.77,858.45,673.02
1756529100,2025-08-30 04:45:00+00:00,858.44,858.47,857.99,858.47,221.471
1756529400,2025-08-30 04:50:00+00:00,858.47,858.48,857.85,857.97,244.087
1756529700,2025-08-30 04:55:00+00:00,857.96,858.2,857.28,857.66,379.127
1756530000,2025-08-30 05:00:00+00:00,857.65,857.84,857.14,857.17,247.458
1756530300,2025-08-30 05:05:00+00:00,857.18,858.39,857.17,858.39,172.039
1756530600,2025-08-30 05:10:00+00:00,858.39,858.48,857.93,858.01,243.616
1756530900,2025-08-30 05:15:00+00:00,858.01,858.69,858.0,858.48,240.267
1756531200,2025-08-30 05:20:00+00:00,858.48,858.56,858.2,858.29,267.362
1756531500,2025-08-30 05:25:00+00:00,858.28,858.51,858.06,858.21,228.309
1756531800,2025-08-30 05:30:00+00:00,858.2,859.5,857.99,859.21,423.022
1756532100,2025-08-30 05:35:00+00:00,859.21,859.4,858.66,859.4,103.225
1756532400,2025-08-30 05:40:00+00:00,859.4,860.05,859.1,859.8,449.513
1756532700,2025-08-30 05:45:00+00:00,859.81,859.94,858.97,858.97,222.474
1756533000,2025-08-30 05:50:00+00:00,858.95,859.65,858.75,858.75,336.257
1756533300,2025-08-30 05:55:00+00:00,858.75,858.9,858.32,858.67,335.675
1756533600,2025-08-30 06:00:00+00:00,858.68,860.2,858.68,859.96,298.036
1756533900,2025-08-30 06:05:00+00:00,859.96,860.16,859.4,860.16,137.492
1756534200,2025-08-30 06:10:00+00:00,860.15,860.26,859.0,859.17,299.745
1756534500,2025-08-30 06:15:00+00:00,859.16,859.63,858.99,859.27,320.997
1756534800,2025-08-30 06:20:00+00:00,859.27,859.86,859.26,859.76,215.409
1756535100,2025-08-30 06:25:00+00:00,859.76,860.3,859.75,860.19,233.798
1756535400,2025-08-30 06:30:00+00:00,860.18,860.88,860.18,860.33,413.909
1756535700,2025-08-30 06:35:00+00:00,860.32,860.92,860.24,860.75,181.654
1756536000,2025-08-30 06:40:00+00:00,860.74,861.53,860.74,861.22,357.514
1756536300,2025-08-30 06:45:00+00:00,861.22,861.3,860.69,860.96,219.604
1756536600,2025-08-30 06:50:00+00:00,860.95,861.0,860.2,860.57,132.667
1756536900,2025-08-30 06:55:00+00:00,860.57,862.36,860.56,860.92,1427.77
1756537200,2025-08-30 07:00:00+00:00,860.91,861.4,860.63,861.12,224.614
1756537500,2025-08-30 07:05:00+00:00,861.12,861.12,860.0,860.11,380.532
1756537800,2025-08-30 07:10:00+00:00,860.12,860.93,860.11,860.86,154.848
1756538100,2025-08-30 07:15:00+00:00,860.87,861.05,860.12,860.3,243.834
1756538400,2025-08-30 07:20:00+00:00,860.3,860.43,859.9,860.01,151.984
1756538700,2025-08-30 07:25:00+00:00,860.01,860.37,860.0,860.32,163.313
1756539000,2025-08-30 07:30:00+00:00,860.34,860.79,860.29,860.51,151.345
1756539300,2025-08-30 07:35:00+00:00,860.5,860.59,860.01,860.54,545.418
1756539600,2025-08-30 07:40:00+00:00,860.53,861.18,860.53,861.17,418.68
1756539900,2025-08-30 07:45:00+00:00,861.18,861.3,860.91,861.09,257.237
1756540200,2025-08-30 07:50:00+00:00,861.09,861.09,860.47,860.83,263.083
1756540500,2025-08-30 07:55:00+00:00,860.84,860.84,860.22,860.35,343.572
1756540800,2025-08-30 08:00:00+00:00,860.36,860.47,860.29,860.33,204.173
1756541100,2025-08-30 08:05:00+00:00,860.34,861.1,860.33,860.91,130.96
1756541400,2025-08-30 08:10:00+00:00,860.9,860.95,860.33,860.58,178.916
1756541700,2025-08-30 08:15:00+00:00,860.57,860.87,860.11,860.11,242.074
1756542000,2025-08-30 08:20:00+00:00,860.11,860.4,860.11,860.38,239.51
1756542300,2025-08-30 08:25:00+00:00,860.39,860.92,860.38,860.91,233.441
1756542600,2025-08-30 08:30:00+00:00,860.91,860.92,860.0,860.0,240.693
1756542900,2025-08-30 08:35:00+00:00,860.01,860.44,860.0,860.4,197.634
1756543200,2025-08-30 08:40:00+00:00,860.41,861.01,860.15,860.59,393.28
1756543500,2025-08-30 08:45:00+00:00,860.59,860.59,859.5,859.7,244.49
1756543800,2025-08-30 08:50:00+00:00,859.7,860.08,859.7,859.89,205.337
1756544100,2025-08-30 08:55:00+00:00,859.88,859.88,859.39,859.42,105.254
1756544400,2025-08-30 09:00:00+00:00,859.42,859.68,859.0,859.51,117.391
1756544700,2025-08-30 09:05:00+00:00,859.51,859.68,859.24,859.27,192.107
1756545000,2025-08-30 09:10:00+00:00,859.28,859.31,858.91,858.91,306.033
1756545300,2025-08-30 09:15:00+00:00,858.91,859.66,858.91,859.65,120.737
1756545600,2025-08-30 09:20:00+00:00,859.66,859.71,859.12,859.7,124.901
1756545900,2025-08-30 09:25:00+00:00,859.71,860.0,859.7,859.71,135.037
1756546200,2025-08-30 09:30:00+00:00,859.71,859.71,858.8,858.94,141.607
1756546500,2025-08-30 09:35:00+00:00,858.95,859.41,858.93,859.35,129.653
1756546800,2025-08-30 09:40:00+00:00,859.35,859.36,858.15,858.77,721.904
1756547100,2025-08-30 09:45:00+00:00,858.77,859.63,858.42,859.63,233.095
1756547400,2025-08-30 09:50:00+00:00,859.63,860.1,859.54,859.8,108.084
1756547700,2025-08-30 09:55:00+00:00,859.81,859.81,859.3,859.33,328.194
1756548000,2025-08-30 10:00:00+00:00,859.34,859.64,859.14,859.15,69.895
1756548300,2025-08-30 10:05:00+00:00,859.15,859.91,859.0,859.9,169.447
1756548600,2025-08-30 10:10:00+00:00,859.91,860.09,859.65,859.81,160.711
1756548900,2025-08-30 10:15:00+00:00,859.81,860.84,859.8,860.69,258.786
1756549200,2025-08-30 10:20:00+00:00,860.68,860.69,860.3,860.51,179.553
1756549500,2025-08-30 10:25:00+00:00,860.51,861.0,860.31,860.89,461.934
1756549800,2025-08-30 10:30:00+00:00,860.89,860.89,859.6,859.61,345.5
1756550100,2025-08-30 10:35:00+00:00,859.6,859.78,859.13,859.56,435.9
1756550400,2025-08-30 10:40:00+00:00,859.55,859.56,859.24,859.46,133.91
1756550700,2025-08-30 10:45:00+00:00,859.45,859.62,859.25,859.59,98.973
1756551000,2025-08-30 10:50:00+00:00,859.6,859.69,859.3,859.67,176.752
1756551300,2025-08-30 10:55:00+00:00,859.67,860.22,859.67,860.11,171.284
1756551600,2025-08-30 11:00:00+00:00,860.11,860.42,859.84,860.05,466.579
1756551900,2025-08-30 11:05:00+00:00,860.05,860.72,860.0,860.71,598.641
1756552200,2025-08-30 11:10:00+00:00,860.71,861.36,860.69,861.13,430.596
1756552500,2025-08-30 11:15:00+00:00,861.14,861.14,860.44,860.59,251.149
1756552800,2025-08-30 11:20:00+00:00,860.59,860.86,860.47,860.86,113.705
1756553100,2025-08-30 11:25:00+00:00,860.85,860.86,860.4,860.41,75.546
1756553400,2025-08-30 11:30:00+00:00,860.41,860.41,859.67,859.69,169.301
1756553700,2025-08-30 11:35:00+00:00,859.68,859.69,859.0,859.19,172.831
1756554000,2025-08-30 11:40:00+00:00,859.19,859.76,859.19,859.51,146.943
1756554300,2025-08-30 11:45:00+00:00,859.51,860.4,859.5,860.04,436.332
1756554600,2025-08-30 11:50:00+00:00,860.04,860.26,859.92,859.93,111.744
1756554900,2025-08-30 11:55:00+00:00,859.92,860.69,859.92,860.3,595.764
1756555200,2025-08-30 12:00:00+00:00,860.3,860.3,859.6,859.63,486.563
1756555500,2025-08-30 12:05:00+00:00,859.63,860.37,859.3,859.49,444.776
1756555800,2025-08-30 12:10:00+00:00,859.5,859.59,859.23,859.25,163.103
1756556100,2025-08-30 12:15:00+00:00,859.25,859.25,858.6,858.68,167.418
1756556400,2025-08-30 12:20:00+00:00,858.68,858.9,858.33,858.33,226.792
1756556700,2025-08-30 12:25:00+00:00,858.33,858.34,857.2,857.4,412.866
1756557000,2025-08-30 12:30:00+00:00,857.41,857.5,855.34,855.54,831.902
1756557300,2025-08-30 12:35:00+00:00,855.54,856.0,852.7,853.72,2546.235
1756557600,2025-08-30 12:40:00+00:00,853.72,853.9,853.06,853.71,546.495
1756557900,2025-08-30 12:45:00+00:00,853.71,855.0,853.54,854.8,562.012
1756558200,2025-08-30 12:50:00+00:00,854.8,855.17,854.5,854.82,280.132
1756558500,2025-08-30 12:55:00+00:00,854.81,855.79,854.8,855.03,810.117
1756558800,2025-08-30 13:00:00+00:00,855.02,855.19,854.2,854.2,237.479
1756559100,2025-08-30 13:05:00+00:00,854.2,854.27,852.39,853.82,922.001
1756559400,2025-08-30 13:10:00+00:00,853.81,853.82,852.3,852.36,605.056
1756559700,2025-08-30 13:15:00+00:00,852.36,853.48,851.61,853.09,1317.719
1756560000,2025-08-30 13:20:00+00:00,853.08,853.3,852.16,853.02,368.24
1756560300,2025-08-30 13:25:00+00:00,853.03,853.2,852.6,852.87,330.237
1756560600,2025-08-30 13:30:00+00:00,852.88,854.0,852.54,853.36,382.245
1756560900,2025-08-30 13:35:00+00:00,853.35,853.99,853.35,853.66,195.197
1756561200,2025-08-30 13:40:00+00:00,853.67,854.41,852.71,852.8,435.697
1756561500,2025-08-30 13:45:00+00:00,852.79,853.75,852.31,853.55,510.741
1756561800,2025-08-30 13:50:00+00:00,853.56,854.8,853.56,854.4,296.138
1756562100,2025-08-30 13:55:00+00:00,854.41,855.62,854.35,855.13,861.812
1756562400,2025-08-30 14:00:00+00:00,855.13,855.14,853.85,854.5,296.414
1756562700,2025-08-30 14:05:00+00:00,854.5,854.95,854.23,854.23,296.755
1756563000,2025-08-30 14:10:00+00:00,854.24,854.24,853.7,853.88,294.287
1756563300,2025-08-30 14:15:00+00:00,853.89,853.89,853.01,853.52,360.922
1756563600,2025-08-30 14:20:00+00:00,853.53,854.2,853.34,854.18,257.315
1756563900,2025-08-30 14:25:00+00:00,854.18,854.5,853.8,854.5,229.877
1756564200,2025-08-30 14:30:00+00:00,854.5,855.34,854.5,854.92,444.667
1756564500,2025-08-30 14:35:00+00:00,854.91,855.9,854.52,855.89,795.969
1756564800,2025-08-30 14:40:00+00:00,855.89,856.44,855.78,856.01,502.733
1756565100,2025-08-30 14:45:00+00:00,856.01,857.6,856.01,857.41,573.366
1756565400,2025-08-30 14:50:00+00:00,857.4,857.59,856.78,857.36,446.277
1756565700,2025-08-30 14:55:00+00:00,857.36,857.46,856.79,857.1,321.921
1756566000,2025-08-30 15:00:00+00:00,857.1,857.14,856.34,856.34,371.905
1756566300,2025-08-30 15:05:00+00:00,856.34,856.91,855.79,856.9,579.655
1756566600,2025-08-30 15:10:00+00:00,856.91,857.21,856.48,857.17,882.948
1756566900,2025-08-30 15:15:00+00:00,857.17,858.26,857.17,857.85,650.411
1756567200,2025-08-30 15:20:00+00:00,857.85,858.69,857.81,858.62,418.504
1756567500,2025-08-30 15:25:00+00:00,858.62,859.0,858.31,858.51,459.589
1756567800,2025-08-30 15:30:00+00:00,858.5,858.53,857.55,858.08,410.789
1756568100,2025-08-30 15:35:00+00:00,858.08,859.23,858.07,859.23,295.106
1756568400,2025-08-30 15:40:00+00:00,859.22,859.53,858.93,859.53,476.032
1756568700,2025-08-30 15:45:00+00:00,859.52,859.7,858.67,859.11,316.577
1756569000,2025-08-30 15:50:00+00:00,859.1,859.1,858.39,858.5,485.7
1756569300,2025-08-30 15:55:00+00:00,858.5,859.2,858.47,859.2,274.953
1756569600,2025-08-30 16:00:00+00:00,859.2,859.2,857.64,858.38,886.337
1756569900,2025-08-30 16:05:00+00:00,858.38,858.44,857.67,858.15,627.552
1756570200,2025-08-30 16:10:00+00:00,858.15,858.15,856.31,856.46,320.5
1756570500,2025-08-30 16:15:00+00:00,856.47,857.51,856.25,857.51,319.51
1756570800,2025-08-30 16:20:00+00:00,857.5,857.65,856.87,857.5,552.508
1756571100,2025-08-30 16:25:00+00:00,857.49,857.5,857.01,857.23,197.806
1756571400,2025-08-30 16:30:00+00:00,857.23,858.06,856.82,857.17,361.814
1756571700,2025-08-30 16:35:00+00:00,857.17,858.1,857.17,858.09,215.268
1756572000,2025-08-30 16:40:00+00:00,858.09,858.36,858.01,858.07,250.862
1756572300,2025-08-30 16:45:00+00:00,858.06,858.57,857.94,857.95,230.546
1756572600,2025-08-30 16:50:00+00:00,857.95,858.22,857.77,858.02,223.025
1756572900,2025-08-30 16:55:00+00:00,858.02,858.12,857.55,857.56,163.921
1756573200,2025-08-30 17:00:00+00:00,857.56,858.16,857.43,858.16,230.104
1756573500,2025-08-30 17:05:00+00:00,858.16,858.92,858.14,858.15,230.547
1756573800,2025-08-30 17:10:00+00:00,858.15,858.99,858.08,858.98,210.584
1756574100,2025-08-30 17:15:00+00:00,858.99,859.0,858.3,858.56,215.088
1756574400,2025-08-30 17:20:00+00:00,858.56,858.71,858.04,858.54,371.076
1756574700,2025-08-30 17:25:00+00:00,858.54,858.93,858.08,858.14,307.924
1756575000,2025-08-30 17:30:00+00:00,858.13,858.6,858.07,858.19,293.77
1756575300,2025-08-30 17:35:00+00:00,858.19,858.2,857.52,858.16,184.071
1756575600,2025-08-30 17:40:00+00:00,858.15,858.19,857.33,857.52,382.147
1756575900,2025-08-30 17:45:00+00:00,857.52,857.52,856.9,857.35,318.594
1756576200,2025-08-30 17:50:00+00:00,857.35,858.08,857.13,857.62,250.499
1756576500,2025-08-30 17:55:00+00:00,857.62,858.44,857.61,858.29,180.836
1756576800,2025-08-30 18:00:00+00:00,858.28,858.89,858.12,858.72,248.002
1756577100,2025-08-30 18:05:00+00:00,858.72,859.17,858.57,858.88,248.748
1756577400,2025-08-30 18:10:00+00:00,858.88,858.88,858.23,858.36,240.916
1756577700,2025-08-30 18:15:00+00:00,858.36,858.36,857.71,858.26,151.882
1756578000,2025-08-30 18:20:00+00:00,858.26,858.26,857.43,857.44,442.872
1756578300,2025-08-30 18:25:00+00:00,857.44,858.15,857.31,858.13,214.789
1756578600,2025-08-30 18:30:00+00:00,858.13,858.16,857.48,857.66,269.711
1756578900,2025-08-30 18:35:00+00:00,857.66,858.58,857.6,858.55,220.044
1756579200,2025-08-30 18:40:00+00:00,858.54,858.68,857.95,858.58,273.412
1756579500,2025-08-30 18:45:00+00:00,858.58,859.03,858.57,858.83,161.773
1756579800,2025-08-30 18:50:00+00:00,858.83,859.29,858.8,859.29,259.812
1756580100,2025-08-30 18:55:00+00:00,859.29,859.29,858.73,858.88,144.143
1756580400,2025-08-30 19:00:00+00:00,858.87,858.94,858.4,858.56,196.178
1756580700,2025-08-30 19:05:00+00:00,858.56,858.84,857.72,857.73,395.55
1756581000,2025-08-30 19:10:00+00:00,857.73,857.99,857.6,857.9,174.82
1756581300,2025-08-30 19:15:00+00:00,857.9,858.4,857.81,858.4,1045.356
1756581600,2025-08-30 19:20:00+00:00,858.4,858.4,857.07,857.28,261.109
1756581900,2025-08-30 19:25:00+00:00,857.28,858.16,857.27,858.1,116.856
1756582200,2025-08-30 19:30:00+00:00,858.1,858.24,857.72,858.19,156.877
1756582500,2025-08-30 19:35:00+00:00,858.19,858.63,858.19,858.63,126.651
1756582800,2025-08-30 19:40:00+00:00,858.63,858.89,858.63,858.86,219.038
1756583100,2025-08-30 19:45:00+00:00,858.86,858.92,858.27,858.52,128.82
1756583400,2025-08-30 19:50:00+00:00,858.52,858.91,858.51,858.76,113.45
1756583700,2025-08-30 19:55:00+00:00,858.76,858.95,858.53,858.95,87.363
1756584000,2025-08-30 20:00:00+00:00,858.95,858.97,858.09,858.09,181.604
1756584300,2025-08-30 20:05:00+00:00,858.1,858.7,858.08,858.09,124.427
1756584600,2025-08-30 20:10:00+00:00,858.08,858.09,857.5,857.67,141.037
1756584900,2025-08-30 20:15:00+00:00,857.68,857.88,857.07,857.07,213.808
1756585200,2025-08-30 20:20:00+00:00,857.07,858.0,857.06,857.93,242.147
1756585500,2025-08-30 20:25:00+00:00,857.92,858.28,857.92,858.28,139.798
1756585800,2025-08-30 20:30:00+00:00,858.27,858.27,857.39,857.54,191.481
1756586100,2025-08-30 20:35:00+00:00,857.55,857.78,857.08,857.76,211.486
1756586400,2025-08-30 20:40:00+00:00,857.76,858.15,857.74,858.14,238.336
1756586700,2025-08-30 20:45:00+00:00,858.15,858.48,858.01,858.02,122.957
1756587000,2025-08-30 20:50:00+00:00,858.02,858.72,857.7,858.65,177.02
1756587300,2025-08-30 20:55:00+00:00,858.65,858.99,858.5,858.99,98.957
1756587600,2025-08-30 21:00:00+00:00,858.99,859.39,858.84,859.24,135.749
1756587900,2025-08-30 21:05:00+00:00,859.24,859.34,858.8,859.24,191.47
1756588200,2025-08-30 21:10:00+00:00,859.24,860.07,859.23,860.07,931.507
1756588500,2025-08-30 21:15:00+00:00,860.07,860.07,859.11,859.12,171.909
1756588800,2025-08-30 21:20:00+00:00,859.12,859.3,858.48,859.08,242.978
1756589100,2025-08-30 21:25:00+00:00,859.07,859.42,859.07,859.42,103.893
1756589400,2025-08-30 21:30:00+00:00,859.41,859.6,859.01,859.02,241.75
1756589700,2025-08-30 21:35:00+00:00,859.02,859.19,858.52,859.19,417.756
1756590000,2025-08-30 21:40:00+00:00,859.18,859.7,858.98,859.69,207.284
1756590300,2025-08-30 21:45:00+00:00,859.7,859.8,859.2,859.79,238.024
1756590600,2025-08-30 21:50:00+00:00,859.8,860.17,859.79,860.17,75.344
1756590900,2025-08-30 21:55:00+00:00,860.17,860.75,860.16,860.58,230.896
1756591200,2025-08-30 22:00:00+00:00,860.58,860.98,860.12,860.27,615.641
1756591500,2025-08-30 22:05:00+00:00,860.26,860.4,859.86,859.87,179.013
1756591800,2025-08-30 22:10:00+00:00,859.87,860.05,859.64,859.88,154.396
1756592100,2025-08-30 22:15:00+00:00,859.88,860.59,859.88,860.46,663.971
1756592400,2025-08-30 22:20:00+00:00,860.46,860.7,860.45,860.69,126.941
1756592700,2025-08-30 22:25:00+00:00,860.69,860.9,860.69,860.88,74.91
1756593000,2025-08-30 22:30:00+00:00,860.88,860.88,860.62,860.77,183.225
1756593300,2025-08-30 22:35:00+00:00,860.77,861.1,860.72,861.09,125.72
1756593600,2025-08-30 22:40:00+00:00,861.1,861.32,861.09,861.23,155.644
1756593900,2025-08-30 22:45:00+00:00,861.23,861.32,861.0,861.18,164.547
1756594200,2025-08-30 22:50:00+00:00,861.18,861.46,861.17,861.41,88.428
1756594500,2025-08-30 22:55:00+00:00,861.41,861.77,861.39,861.69,210.731
1756594800,2025-08-30 23:00:00+00:00,861.69,862.9,861.69,862.8,504.471
1756595100,2025-08-30 23:05:00+00:00,862.79,862.97,862.54,862.97,181.566
1756595400,2025-08-30 23:10:00+00:00,862.97,863.68,862.95,863.29,1006.408
1756595700,2025-08-30 23:15:00+00:00,863.29,863.35,862.63,862.74,442.999
1756596000,2025-08-30 23:20:00+00:00,862.74,863.6,862.74,863.31,307.851
1756596300,2025-08-30 23:25:00+00:00,863.31,864.0,863.2,863.71,300.394
1756596600,2025-08-30 23:30:00+00:00,863.7,863.92,863.12,863.59,305.03
1756596900,2025-08-30 23:35:00+00:00,863.59,863.59,862.94,862.95,209.037
1756597200,2025-08-30 23:40:00+00:00,862.95,862.95,862.11,862.48,387.015
1756597500,2025-08-30 23:45:00+00:00,862.47,862.48,862.05,862.08,135.191
1756597800,2025-08-30 23:50:00+00:00,862.08,862.08,861.72,862.03,144.676
1756598100,2025-08-30 23:55:00+00:00,862.03,862.28,861.8,862.0,140.123
1756598400,2025-08-31 00:00:00+00:00,862.0,862.75,862.0,862.14,270.207
1756598700,2025-08-31 00:05:00+00:00,862.13,862.82,862.08,862.56,222.835
1756599000,2025-08-31 00:10:00+00:00,862.56,862.81,860.47,860.52,900.464
1756599300,2025-08-31 00:15:00+00:00,860.52,860.52,859.84,860.0,566.367
1756599600,2025-08-31 00:20:00+00:00,860.0,860.3,859.6,859.61,200.407
1756599900,2025-08-31 00:25:00+00:00,859.61,860.52,859.39,860.3,158.931
1756600200,2025-08-31 00:30:00+00:00,860.29,861.6,860.29,861.57,395.108
1756600500,2025-08-31 00:35:00+00:00,861.57,861.81,860.92,860.94,337.806
1756600800,2025-08-31 00:40:00+00:00,860.94,862.87,860.83,862.73,770.941
1756601100,2025-08-31 00:45:00+00:00,862.72,863.52,861.92,862.65,625.369
1756601400,2025-08-31 00:50:00+00:00,862.64,863.4,862.3,863.15,445.047
1756601700,2025-08-31 00:55:00+00:00,863.13,863.85,862.92,863.35,843.564
1756602000,2025-08-31 01:00:00+00:00,863.35,863.48,861.47,861.72,853.033
1756602300,2025-08-31 01:05:00+00:00,861.73,861.9,861.0,861.62,209.539
1756602600,2025-08-31 01:10:00+00:00,861.61,861.82,861.3,861.3,78.607
1756602900,2025-08-31 01:15:00+00:00,861.31,862.0,861.24,861.49,437.748
1756603200,2025-08-31 01:20:00+00:00,861.5,862.0,861.46,861.98,329.02
1756603500,2025-08-31 01:25:00+00:00,861.97,861.98,861.11,861.79,130.776
1756603800,2025-08-31 01:30:00+00:00,861.79,863.08,861.61,862.87,368.931
1756604100,2025-08-31 01:35:00+00:00,862.86,863.0,862.2,862.36,158.004
1756604400,2025-08-31 01:40:00+00:00,862.36,863.28,862.21,862.95,525.24
1756604700,2025-08-31 01:45:00+00:00,862.95,863.19,862.37,862.8,629.22
1756605000,2025-08-31 01:50:00+00:00,862.8,863.3,862.79,863.22,168.802
1756605300,2025-08-31 01:55:00+00:00,863.21,863.61,862.9,862.91,178.64
1756605600,2025-08-31 02:00:00+00:00,862.91,863.21,862.75,863.0,206.123
1756605900,2025-08-31 02:05:00+00:00,863.0,863.0,862.6,862.81,191.347
1756606200,2025-08-31 02:10:00+00:00,862.81,863.0,862.7,862.91,89.55
1756606500,2025-08-31 02:15:00+00:00,862.91,863.84,862.89,863.75,790.376
1756606800,2025-08-31 02:20:00+00:00,863.74,863.74,862.9,862.95,1164.725
1756607100,2025-08-31 02:25:00+00:00,862.94,863.11,862.6,863.11,231.642
1756607400,2025-08-31 02:30:00+00:00,863.11,863.12,862.5,862.61,240.175
1756607700,2025-08-31 02:35:00+00:00,862.6,862.92,862.6,862.92,221.241
1756608000,2025-08-31 02:40:00+00:00,862.92,863.04,862.43,862.44,145.872
1756608300,2025-08-31 02:45:00+00:00,862.43,862.7,862.3,862.51,204.799
1756608600,2025-08-31 02:50:00+00:00,862.51,862.51,862.3,862.31,71.19
1756608900,2025-08-31 02:55:00+00:00,862.31,862.68,862.3,862.68,47.286
1756609200,2025-08-31 03:00:00+00:00,862.68,862.78,862.4,862.52,151.139
1756609500,2025-08-31 03:05:00+00:00,862.52,862.71,862.13,862.13,545.16
1756609800,2025-08-31 03:10:00+00:00,862.13,862.26,862.05,862.2,147.857
1756610100,2025-08-31 03:15:00+00:00,862.2,862.21,861.83,861.99,211.349
1756610400,2025-08-31 03:20:00+00:00,862.0,862.98,861.99,862.98,126.388
1756610700,2025-08-31 03:25:00+00:00,862.97,863.1,862.35,862.35,199.387
1756611000,2025-08-31 03:30:00+00:00,862.34,862.34,861.95,862.22,151.53
1756611300,2025-08-31 03:35:00+00:00,862.22,863.1,862.0,862.71,199.3
1756611600,2025-08-31 03:40:00+00:00,862.72,862.72,862.4,862.47,125.731
1756611900,2025-08-31 03:45:00+00:00,862.46,863.03,862.4,863.03,343.175
1756612200,2025-08-31 03:50:00+00:00,863.03,864.5,863.03,863.79,814.414
1756612500,2025-08-31 03:55:00+00:00,863.79,863.93,862.9,863.12,416.038
1756612800,2025-08-31 04:00:00+00:00,863.11,863.31,861.86,862.64,829.705
1756613100,2025-08-31 04:05:00+00:00,862.64,862.8,861.91,861.91,222.73
1756613400,2025-08-31 04:10:00+00:00,861.91,862.0,861.69,862.0,131.628
1756613700,2025-08-31 04:15:00+00:00,862.0,862.0,861.13,861.13,344.305
1756614000,2025-08-31 04:20:00+00:00,861.13,861.13,860.7,860.74,181.904
1756614300,2025-08-31 04:25:00+00:00,860.74,860.93,860.36,860.36,218.662
1756614600,2025-08-31 04:30:00+00:00,860.37,860.82,860.16,860.64,279.195
1756614900,2025-08-31 04:35:00+00:00,860.64,860.68,859.85,860.08,290.302
1756615200,2025-08-31 04:40:00+00:00,860.08,860.08,859.5,859.72,126.047
1756615500,2025-08-31 04:45:00+00:00,859.72,860.17,859.64,859.69,172.729
1756615800,2025-08-31 04:50:00+00:00,859.69,859.69,859.23,859.23,137.614
1756616100,2025-08-31 04:55:00+00:00,859.24,860.04,859.23,860.04,155.958
1756616400,2025-08-31 05:00:00+00:00,860.04,860.04,859.5,859.51,258.989
1756616700,2025-08-31 05:05:00+00:00,859.5,860.53,859.5,860.5,412.321
1756617000,2025-08-31 05:10:00+00:00,860.49,860.5,859.0,859.37,396.243
1756617300,2025-08-31 05:15:00+00:00,859.37,859.83,859.0,859.83,468.068
1756617600,2025-08-31 05:20:00+00:00,859.83,859.83,859.21,859.21,136.329
1756617900,2025-08-31 05:25:00+00:00,859.21,859.24,858.88,858.88,209.246
1756618200,2025-08-31 05:30:00+00:00,858.88,859.77,858.88,859.69,121.613
1756618500,2025-08-31 05:35:00+00:00,859.69,860.2,859.51,859.89,467.286
1756618800,2025-08-31 05:40:00+00:00,859.89,860.2,859.89,860.03,131.85
1756619100,2025-08-31 05:45:00+00:00,860.03,860.13,859.78,859.96,249.223
1756619400,2025-08-31 05:50:00+00:00,859.96,860.3,859.95,860.3,144.72
1756619700,2025-08-31 05:55:00+00:00,860.3,860.53,860.17,860.53,560.218
1756620000,2025-08-31 06:00:00+00:00,860.53,860.74,860.0,860.23,592.794
1756620300,2025-08-31 06:05:00+00:00,860.23,860.28,859.86,860.02,301.24
1756620600,2025-08-31 06:10:00+00:00,860.02,860.28,859.98,860.2,338.802
1756620900,2025-08-31 06:15:00+00:00,860.19,860.48,860.08,860.09,1331.307
1756621200,2025-08-31 06:20:00+00:00,860.09,860.09,859.56,859.56,265.751
1756621500,2025-08-31 06:25:00+00:00,859.56,859.63,859.4,859.63,181.88
1756621800,2025-08-31 06:30:00+00:00,859.63,860.1,859.31,859.38,245.397
1756622100,2025-08-31 06:35:00+00:00,859.38,859.59,859.37,859.5,412.141
1756622400,2025-08-31 06:40:00+00:00,859.5,859.59,859.22,859.22,895.258
1756622700,2025-08-31 06:45:00+00:00,859.23,859.46,858.99,859.0,203.339
1756623000,2025-08-31 06:50:00+00:00,859.0,859.2,858.25,858.54,1049.103
1756623300,2025-08-31 06:55:00+00:00,858.54,858.72,857.99,858.03,596.855
1756623600,2025-08-31 07:00:00+00:00,858.03,858.79,857.91,858.61,166.566
1756623900,2025-08-31 07:05:00+00:00,858.61,859.09,858.58,859.04,199.81
1756624200,2025-08-31 07:10:00+00:00,859.05,859.24,858.7,858.97,129.12
1756624500,2025-08-31 07:15:00+00:00,858.97,859.24,858.9,858.91,133.774
1756624800,2025-08-31 07:20:00+00:00,858.9,859.08,858.4,858.41,223.268
1756625100,2025-08-31 07:25:00+00:00,858.41,858.58,858.4,858.58,100.188
1756625400,2025-08-31 07:30:00+00:00,858.58,858.96,858.5,858.67,192.929
1756625700,2025-08-31 07:35:00+00:00,858.68,858.87,858.43,858.59,192.216
1756626000,2025-08-31 07:40:00+00:00,858.59,859.17,858.55,859.11,182.374
1756626300,2025-08-31 07:45:00+00:00,859.11,859.11,858.7,858.72,202.189
1756626600,2025-08-31 07:50:00+00:00,858.72,858.97,858.71,858.97,266.877
1756626900,2025-08-31 07:55:00+00:00,858.97,859.0,858.6,858.6,350.045
1756627200,2025-08-31 08:00:00+00:00,858.6,858.71,858.4,858.7,384.203
1756627500,2025-08-31 08:05:00+00:00,858.71,859.17,858.67,858.9,234.408
1756627800,2025-08-31 08:10:00+00:00,858.91,859.48,858.9,859.33,279.068
1756628100,2025-08-31 08:15:00+00:00,859.34,859.86,859.33,859.79,336.936
1756628400,2025-08-31 08:20:00+00:00,859.8,860.2,859.79,859.87,537.875
1756628700,2025-08-31 08:25:00+00:00,859.88,859.94,859.7,859.73,315.927
1756629000,2025-08-31 08:30:00+00:00,859.74,860.1,859.53,859.74,248.7
1756629300,2025-08-31 08:35:00+00:00,859.74,860.07,859.51,860.06,252.479
1756629600,2025-08-31 08:40:00+00:00,860.07,860.56,860.06,860.54,367.409
1756629900,2025-08-31 08:45:00+00:00,860.55,860.58,860.0,860.25,397.049
1756630200,2025-08-31 08:50:00+00:00,860.29,861.05,860.28,860.8,365.143
1756630500,2025-08-31 08:55:00+00:00,860.81,861.13,860.7,861.1,208.525
1756630800,2025-08-31 09:00:00+00:00,861.1,861.11,860.62,860.8,192.886
1756631100,2025-08-31 09:05:00+00:00,860.8,861.19,860.6,861.12,160.709
1756631400,2025-08-31 09:10:00+00:00,861.11,861.2,860.95,860.96,152.525
1756631700,2025-08-31 09:15:00+00:00,860.96,861.24,860.85,860.86,178.931
1756632000,2025-08-31 09:20:00+00:00,860.86,861.4,860.83,860.99,248.472
1756632300,2025-08-31 09:25:00+00:00,860.98,860.98,860.41,860.47,117.811
1756632600,2025-08-31 09:30:00+00:00,860.47,860.73,860.3,860.61,301.99
1756632900,2025-08-31 09:35:00+00:00,860.61,860.66,860.06,860.2,286.156
1756633200,2025-08-31 09:40:00+00:00,860.2,860.47,860.19,860.4,271.007
1756633500,2025-08-31 09:45:00+00:00,860.4,860.58,860.03,860.58,1795.827
1756633800,2025-08-31 09:50:00+00:00,860.57,860.78,860.17,860.31,444.013
1756634100,2025-08-31 09:55:00+00:00,860.31,860.32,859.45,859.54,361.996
1756634400,2025-08-31 10:00:00+00:00,859.54,859.75,859.0,859.27,698.464
1756634700,2025-08-31 10:05:00+00:00,859.27,859.48,859.0,859.12,168.428
1756635000,2025-08-31 10:10:00+00:00,859.12,859.25,858.46,858.47,426.007
1756635300,2025-08-31 10:15:00+00:00,858.47,858.6,857.73,857.74,575.709
1756635600,2025-08-31 10:20:00+00:00,857.73,857.88,857.19,857.88,358.245
1756635900,2025-08-31 10:25:00+00:00,857.88,858.2,857.75,858.01,153.142
1756636200,2025-08-31 10:30:00+00:00,858.02,858.58,857.42,857.53,805.072
1756636500,2025-08-31 10:35:00+00:00,857.54,857.76,857.24,857.45,225.694
1756636800,2025-08-31 10:40:00+00:00,857.45,857.56,857.14,857.56,239.495
1756637100,2025-08-31 10:45:00+00:00,857.56,858.05,857.0,858.05,386.829
1756637400,2025-08-31 10:50:00+00:00,858.05,858.52,857.71,858.52,129.203
1756637700,2025-08-31 10:55:00+00:00,858.52,859.02,858.5,858.6,212.281
1756638000,2025-08-31 11:00:00+00:00,858.6,858.77,858.24,858.3,178.895
1756638300,2025-08-31 11:05:00+00:00,858.29,858.86,858.29,858.86,327.056
1756638600,2025-08-31 11:10:00+00:00,858.86,859.47,858.85,859.47,266.299
1756638900,2025-08-31 11:15:00+00:00,859.47,859.5,858.5,859.49,223.816
1756639200,2025-08-31 11:20:00+00:00,859.49,859.5,859.06,859.49,614.228
1756639500,2025-08-31 11:25:00+00:00,859.5,860.03,859.47,860.03,172.891
1756639800,2025-08-31 11:30:00+00:00,860.03,860.31,859.61,859.85,239.278
1756640100,2025-08-31 11:35:00+00:00,859.85,859.98,859.45,859.46,124.909
1756640400,2025-08-31 11:40:00+00:00,859.45,859.6,859.36,859.5,168.323
1756640700,2025-08-31 11:45:00+00:00,859.49,859.71,859.2,859.37,311.942
1756641000,2025-08-31 11:50:00+00:00,859.36,860.25,859.36,859.91,149.582
1756641300,2025-08-31 11:55:00+00:00,859.91,860.07,859.45,860.07,386.804
1756641600,2025-08-31 12:00:00+00:00,860.06,860.2,859.43,859.48,274.226
1756641900,2025-08-31 12:05:00+00:00,859.48,859.75,859.12,859.74,201.541
1756642200,2025-08-31 12:10:00+00:00,859.74,859.83,859.54,859.77,295.764
1756642500,2025-08-31 12:15:00+00:00,859.77,860.34,859.71,860.2,173.183
1756642800,2025-08-31 12:20:00+00:00,860.21,860.21,859.53,859.68,114.755
1756643100,2025-08-31 12:25:00+00:00,859.68,859.94,859.61,859.69,147.732
1756643400,2025-08-31 12:30:00+00:00,859.7,860.16,859.49,859.61,642.827
1756643700,2025-08-31 12:35:00+00:00,859.6,859.75,859.36,859.59,198.501
1756644000,2025-08-31 12:40:00+00:00,859.59,859.68,859.11,859.56,162.809
1756644300,2025-08-31 12:45:00+00:00,859.55,859.93,859.12,859.83,130.589
1756644600,2025-08-31 12:50:00+00:00,859.83,860.18,859.8,860.1,105.746
1756644900,2025-08-31 12:55:00+00:00,860.1,860.88,860.08,860.47,233.39
1756645200,2025-08-31 13:00:00+00:00,860.47,860.88,860.27,860.28,292.647
1756645500,2025-08-31 13:05:00+00:00,860.27,860.4,859.83,860.27,309.147
1756645800,2025-08-31 13:10:00+00:00,860.27,860.6,860.16,860.2,161.548
1756646100,2025-08-31 13:15:00+00:00,860.2,860.77,860.16,860.75,216.161
1756646400,2025-08-31 13:20:00+00:00,860.75,861.15,860.7,860.77,277.683
1756646700,2025-08-31 13:25:00+00:00,860.77,861.2,860.77,860.84,187.85
1756647000,2025-08-31 13:30:00+00:00,860.84,861.4,860.37,860.38,266.709
1756647300,2025-08-31 13:35:00+00:00,860.38,860.53,859.9,859.91,196.212
1756647600,2025-08-31 13:40:00+00:00,859.9,860.83,859.9,860.83,469.149
1756647900,2025-08-31 13:45:00+00:00,860.83,861.04,860.8,860.81,168.804
1756648200,2025-08-31 13:50:00+00:00,860.81,860.9,860.38,860.39,312.634
1756648500,2025-08-31 13:55:00+00:00,860.39,860.6,859.58,860.6,999.932
1756648800,2025-08-31 14:00:00+00:00,860.6,861.9,860.14,860.15,612.255
1756649100,2025-08-31 14:05:00+00:00,860.15,860.21,859.22,860.0,359.7
1756649400,2025-08-31 14:10:00+00:00,860.0,860.19,859.26,859.9,206.329
1756649700,2025-08-31 14:15:00+00:00,859.9,860.38,859.26,860.38,265.681
1756650000,2025-08-31 14:20:00+00:00,860.38,860.63,860.0,860.63,391.361
1756650300,2025-08-31 14:25:00+00:00,860.63,860.7,860.14,860.58,196.338
1756650600,2025-08-31 14:30:00+00:00,860.58,861.49,860.51,861.2,336.527
1756650900,2025-08-31 14:35:00+00:00,861.2,861.21,860.4,860.4,285.737
1756651200,2025-08-31 14:40:00+00:00,860.4,860.72,860.32,860.52,204.314
1756651500,2025-08-31 14:45:00+00:00,860.52,860.68,860.2,860.21,143.004
1756651800,2025-08-31 14:50:00+00:00,860.2,860.31,859.62,859.73,265.919
1756652100,2025-08-31 14:55:00+00:00,859.73,860.05,859.62,860.04,374.489
1756652400,2025-08-31 15:00:00+00:00,860.04,861.22,859.78,861.0,460.941
1756652700,2025-08-31 15:05:00+00:00,861.01,861.59,861.0,861.15,310.601
1756653000,2025-08-31 15:10:00+00:00,861.14,861.15,860.33,860.42,330.428
1756653300,2025-08-31 15:15:00+00:00,860.43,861.0,860.41,860.42,177.726
1756653600,2025-08-31 15:20:00+00:00,860.42,860.89,860.41,860.89,187.848
1756653900,2025-08-31 15:25:00+00:00,860.89,860.89,860.71,860.83,188.642
1756654200,2025-08-31 15:30:00+00:00,860.83,861.07,860.6,861.0,301.581
1756654500,2025-08-31 15:35:00+00:00,861.0,861.4,860.96,861.4,158.364
1756654800,2025-08-31 15:40:00+00:00,861.39,861.58,861.22,861.58,139.866
1756655100,2025-08-31 15:45:00+00:00,861.57,861.58,861.2,861.3,198.187
1756655400,2025-08-31 15:50:00+00:00,861.29,861.7,861.27,861.33,260.287
1756655700,2025-08-31 15:55:00+00:00,861.34,862.12,861.33,861.91,327.073
1756656000,2025-08-31 16:00:00+00:00,861.91,862.46,861.31,861.39,977.02
1756656300,2025-08-31 16:05:00+00:00,861.38,862.59,861.2,862.33,593.519
1756656600,2025-08-31 16:10:00+00:00,862.33,863.58,862.24,863.56,453.05
1756656900,2025-08-31 16:15:00+00:00,863.56,864.09,862.33,862.41,606.653
1756657200,2025-08-31 16:20:00+00:00,862.41,866.2,862.41,865.87,2718.99
1756657500,2025-08-31 16:25:00+00:00,865.88,865.94,863.97,864.73,798.726
1756657800,2025-08-31 16:30:00+00:00,864.73,865.5,864.43,865.25,396.837
1756658100,2025-08-31 16:35:00+00:00,865.24,866.0,864.77,865.49,882.055
1756658400,2025-08-31 16:40:00+00:00,865.49,866.86,865.48,866.44,550.233
1756658700,2025-08-31 16:45:00+00:00,866.45,866.58,865.21,865.22,214.151
1756659000,2025-08-31 16:50:00+00:00,865.21,867.19,864.04,866.62,2135.023
1756659300,2025-08-31 16:55:00+00:00,866.63,866.63,865.68,865.78,551.847
1756659600,2025-08-31 17:00:00+00:00,865.79,866.0,865.41,865.55,192.486
1756659900,2025-08-31 17:05:00+00:00,865.54,865.9,865.4,865.42,300.143
1756660200,2025-08-31 17:10:00+00:00,865.42,866.0,864.9,865.14,988.775
1756660500,2025-08-31 17:15:00+00:00,865.14,865.18,864.14,865.12,264.144
1756660800,2025-08-31 17:20:00+00:00,865.11,865.55,864.9,865.3,411.86
1756661100,2025-08-31 17:25:00+00:00,865.3,866.2,865.29,865.73,313.54
1756661400,2025-08-31 17:30:00+00:00,865.73,865.73,865.03,865.39,335.154
1756661700,2025-08-31 17:35:00+00:00,865.4,865.83,865.0,865.43,152.834
1756662000,2025-08-31 17:40:00+00:00,865.42,865.47,865.23,865.44,124.231
1756662300,2025-08-31 17:45:00+00:00,865.45,865.59,865.14,865.27,103.184
1756662600,2025-08-31 17:50:00+00:00,865.28,865.6,865.12,865.31,126.988
1756662900,2025-08-31 17:55:00+00:00,865.31,865.33,864.68,864.68,95.201
1756663200,2025-08-31 18:00:00+00:00,864.67,865.15,864.58,864.58,114.102
1756663500,2025-08-31 18:05:00+00:00,864.59,864.59,864.33,864.43,187.832
1756663800,2025-08-31 18:10:00+00:00,864.43,864.67,864.4,864.55,76.847
1756664100,2025-08-31 18:15:00+00:00,864.54,864.55,864.2,864.4,133.978
1756664400,2025-08-31 18:20:00+00:00,864.4,864.9,864.25,864.49,370.03
1756664700,2025-08-31 18:25:00+00:00,864.49,864.6,864.38,864.43,187.616
1756665000,2025-08-31 18:30:00+00:00,864.42,865.06,864.42,865.06,128.774
1756665300,2025-08-31 18:35:00+00:00,865.06,865.07,864.79,864.8,85.709
1756665600,2025-08-31 18:40:00+00:00,864.8,865.08,864.61,864.62,102.245
1756665900,2025-08-31 18:45:00+00:00,864.62,865.38,864.61,865.37,127.09
1756666200,2025-08-31 18:50:00+00:00,865.37,865.38,865.16,865.36,140.075
1756666500,2025-08-31 18:55:00+00:00,865.36,865.65,865.27,865.57,127.398
1756666800,2025-08-31 19:00:00+00:00,865.56,866.09,865.3,866.09,141.827
1756667100,2025-08-31 19:05:00+00:00,866.08,866.09,865.42,865.74,250.968
1756667400,2025-08-31 19:10:00+00:00,865.74,865.9,865.41,865.68,195.549
1756667700,2025-08-31 19:15:00+00:00,865.68,865.68,864.85,865.27,193.131
1756668000,2025-08-31 19:20:00+00:00,865.26,865.37,864.59,864.67,257.838
1756668300,2025-08-31 19:25:00+00:00,864.67,864.88,864.52,864.85,118.561
1756668600,2025-08-31 19:30:00+00:00,864.85,865.19,864.53,865.19,126.399
1756668900,2025-08-31 19:35:00+00:00,865.19,865.19,864.91,865.1,107.329
1756669200,2025-08-31 19:40:00+00:00,865.1,865.6,865.09,865.41,77.858
1756669500,2025-08-31 19:45:00+00:00,865.4,865.41,865.16,865.31,110.207
1756669800,2025-08-31 19:50:00+00:00,865.31,865.31,865.07,865.09,74.072
1756670100,2025-08-31 19:55:00+00:00,865.09,865.18,864.76,864.77,1226.245
1756670400,2025-08-31 20:00:00+00:00,864.78,866.37,864.6,865.69,455.82
1756670700,2025-08-31 20:05:00+00:00,865.69,866.4,865.69,866.32,182.608
1756671000,2025-08-31 20:10:00+00:00,866.33,866.59,866.14,866.36,83.392
1756671300,2025-08-31 20:15:00+00:00,866.36,866.5,865.95,865.96,68.556
1756671600,2025-08-31 20:20:00+00:00,865.96,866.0,865.73,865.92,163.176
1756671900,2025-08-31 20:25:00+00:00,865.92,866.35,865.91,866.35,63.16
1756672200,2025-08-31 20:30:00+00:00,866.34,866.5,866.03,866.37,75.345
1756672500,2025-08-31 20:35:00+00:00,866.37,867.16,866.18,866.18,374.952
1756672800,2025-08-31 20:40:00+00:00,866.18,866.45,865.99,866.27,163.164
1756673100,2025-08-31 20:45:00+00:00,866.26,866.33,866.01,866.32,139.203
1756673400,2025-08-31 20:50:00+00:00,866.32,866.4,866.06,866.4,96.281
1756673700,2025-08-31 20:55:00+00:00,866.4,866.91,866.39,866.91,104.569
1756674000,2025-08-31 21:00:00+00:00,866.9,867.14,866.47,866.67,507.768
1756674300,2025-08-31 21:05:00+00:00,866.66,866.8,866.57,866.71,87.438
1756674600,2025-08-31 21:10:00+00:00,866.71,867.26,866.46,867.26,362.395
1756674900,2025-08-31 21:15:00+00:00,867.25,867.28,866.75,867.02,236.508
1756675200,2025-08-31 21:20:00+00:00,867.01,867.56,866.9,867.07,199.519
1756675500,2025-08-31 21:25:00+00:00,867.07,867.27,867.03,867.13,129.29
1756675800,2025-08-31 21:30:00+00:00,867.13,867.66,867.09,867.58,170.897
1756676100,2025-08-31 21:35:00+00:00,867.59,867.59,866.91,867.3,368.25
1756676400,2025-08-31 21:40:00+00:00,867.29,867.7,867.24,867.67,179.447
1756676700,2025-08-31 21:45:00+00:00,867.67,867.67,867.55,867.56,39.335
1756677000,2025-08-31 21:50:00+00:00,867.56,867.56,867.31,867.34,67.412
1756677300,2025-08-31 21:55:00+00:00,867.34,867.5,867.18,867.2,71.169
1756677600,2025-08-31 22:00:00+00:00,867.21,867.3,866.19,866.54,218.082
1756677900,2025-08-31 22:05:00+00:00,866.54,867.01,866.28,867.01,159.738
1756678200,2025-08-31 22:10:00+00:00,867.01,867.2,866.49,866.97,149.933
1756678500,2025-08-31 22:15:00+00:00,866.97,867.29,866.96,867.19,110.179
1756678800,2025-08-31 22:20:00+00:00,867.18,867.2,867.08,867.2,65.66
1756679100,2025-08-31 22:25:00+00:00,867.19,867.3,866.76,866.77,92.45
1756679400,2025-08-31 22:30:00+00:00,866.76,866.77,865.38,865.38,152.73
1756679700,2025-08-31 22:35:00+00:00,865.38,865.52,864.93,864.94,107.171
1756680000,2025-08-31 22:40:00+00:00,864.93,865.27,863.59,863.6,409.487
1756680300,2025-08-31 22:45:00+00:00,863.6,864.0,863.12,863.9,303.856
1756680600,2025-08-31 22:50:00+00:00,863.9,864.35,862.68,863.35,672.622
1756680900,2025-08-31 22:55:00+00:00,863.35,864.2,863.25,864.2,71.106
1756681200,2025-08-31 23:00:00+00:00,864.19,864.2,862.2,862.47,326.693
1756681500,2025-08-31 23:05:00+00:00,862.47,862.77,861.62,861.78,501.011
1756681800,2025-08-31 23:10:00+00:00,861.78,862.0,861.32,861.66,288.021
1756682100,2025-08-31 23:15:00+00:00,861.65,861.66,860.35,860.55,255.249
1756682400,2025-08-31 23:20:00+00:00,860.56,860.9,859.6,860.39,1159.189
1756682700,2025-08-31 23:25:00+00:00,860.39,860.4,859.2,859.5,643.124
1756683000,2025-08-31 23:30:00+00:00,859.5,859.69,858.3,858.85,621.569
1756683300,2025-08-31 23:35:00+00:00,858.85,859.68,857.91,857.92,758.311
1756683600,2025-08-31 23:40:00+00:00,857.91,858.07,857.3,857.6,448.253
1756683900,2025-08-31 23:45:00+00:00,857.6,858.69,857.26,858.48,499.852
1756684200,2025-08-31 23:50:00+00:00,858.48,858.48,857.45,857.69,662.105
1756684500,2025-08-31 23:55:00+00:00,857.68,857.84,857.36,857.65,780.942
1756684800,2025-09-01 00:00:00+00:00,857.66,858.25,856.12,856.13,1329.58
1756685100,2025-09-01 00:05:00+00:00,856.12,857.7,855.27,856.5,1393.346
1756685400,2025-09-01 00:10:00+00:00,856.51,856.8,856.0,856.11,299.131
1756685700,2025-09-01 00:15:00+00:00,856.11,857.5,856.0,856.95,363.849
1756686000,2025-09-01 00:20:00+00:00,856.96,857.1,855.31,855.6,903.644
1756686300,2025-09-01 00:25:00+00:00,855.61,857.69,854.2,857.28,1916.535
1756686600,2025-09-01 00:30:00+00:00,857.27,857.65,856.18,856.43,505.989
1756686900,2025-09-01 00:35:00+00:00,856.42,856.7,854.69,855.31,1081.701
1756687200,2025-09-01 00:40:00+00:00,855.31,860.34,855.31,860.13,923.5
1756687500,2025-09-01 00:45:00+00:00,860.12,861.75,859.8,860.09,679.892
1756687800,2025-09-01 00:50:00+00:00,860.1,862.21,859.43,862.0,1152.884
1756688100,2025-09-01 00:55:00+00:00,862.0,862.43,861.17,861.18,383.614
1756688400,2025-09-01 01:00:00+00:00,861.18,862.84,860.77,862.18,551.46
1756688700,2025-09-01 01:05:00+00:00,862.17,862.23,860.3,860.31,568.547
1756689000,2025-09-01 01:10:00+00:00,860.31,861.0,859.29,861.0,517.442
1756689300,2025-09-01 01:15:00+00:00,860.99,862.84,860.18,862.48,495.298
1756689600,2025-09-01 01:20:00+00:00,862.47,862.95,862.14,862.47,438.404
1756689900,2025-09-01 01:25:00+00:00,862.46,865.01,862.32,864.49,1475.186
1756690200,2025-09-01 01:30:00+00:00,864.5,866.01,863.81,864.25,1149.574
1756690500,2025-09-01 01:35:00+00:00,864.26,865.56,864.08,865.05,848.85
1756690800,2025-09-01 01:40:00+00:00,865.05,865.33,863.8,864.49,523.306
1756691100,2025-09-01 01:45:00+00:00,864.48,864.61,863.36,863.8,1140.268
1756691400,2025-09-01 01:50:00+00:00,863.83,864.16,861.87,862.03,850.256
1756691700,2025-09-01 01:55:00+00:00,862.03,863.13,861.6,861.61,679.921
1756692000,2025-09-01 02:00:00+00:00,861.61,862.44,860.99,861.69,1135.39
1756692300,2025-09-01 02:05:00+00:00,861.69,862.65,861.51,862.06,342.662
1756692600,2025-09-01 02:10:00+00:00,862.05,862.05,860.3,861.36,835.699
1756692900,2025-09-01 02:15:00+00:00,861.36,861.39,859.58,859.6,1279.724
1756693200,2025-09-01 02:20:00+00:00,859.6,859.76,858.3,858.63,988.36
1756693500,2025-09-01 02:25:00+00:00,858.63,858.68,857.0,858.37,1130.034
1756693800,2025-09-01 02:30:00+00:00,858.37,858.48,855.85,856.08,1216.675
1756694100,2025-09-01 02:35:00+00:00,856.07,857.56,855.76,857.35,487.17
1756694400,2025-09-01 02:40:00+00:00,857.36,857.88,857.0,857.01,583.057
1756694700,2025-09-01 02:45:00+00:00,857.01,857.21,854.4,854.47,1061.49
1756695000,2025-09-01 02:50:00+00:00,854.48,855.89,854.47,855.41,1244.733
1756695300,2025-09-01 02:55:00+00:00,855.41,856.59,855.27,856.18,698.527
1756695600,2025-09-01 03:00:00+00:00,856.17,856.9,854.48,856.67,717.381
1756695900,2025-09-01 03:05:00+00:00,856.68,857.09,855.94,856.25,387.503
1756696200,2025-09-01 03:10:00+00:00,856.24,856.25,854.13,854.16,833.433
1756696500,2025-09-01 03:15:00+00:00,854.17,854.9,853.8,854.15,1306.638
1756696800,2025-09-01 03:20:00+00:00,854.15,854.32,853.77,853.86,578.893
1756697100,2025-09-01 03:25:00+00:00,853.86,854.44,853.85,854.43,365.819
1756697400,2025-09-01 03:30:00+00:00,854.43,855.0,854.16,854.38,391.441
1756697700,2025-09-01 03:35:00+00:00,854.39,856.0,854.15,855.9,326.036
1756698000,2025-09-01 03:40:00+00:00,855.89,856.29,855.0,855.2,799.274
1756698300,2025-09-01 03:45:00+00:00,855.2,855.4,854.3,854.45,272.545
1756698600,2025-09-01 03:50:00+00:00,854.45,856.51,854.45,856.51,1026.93
1756698900,2025-09-01 03:55:00+00:00,856.52,857.07,856.35,856.58,313.437
1756699200,2025-09-01 04:00:00+00:00,856.57,856.57,854.78,855.24,664.461
1756699500,2025-09-01 04:05:00+00:00,855.24,855.6,854.6,855.6,254.539
1756699800,2025-09-01 04:10:00+00:00,855.6,856.34,855.44,855.45,464.441
1756700100,2025-09-01 04:15:00+00:00,855.45,855.76,854.42,854.43,453.13
1756700400,2025-09-01 04:20:00+00:00,854.43,854.62,854.21,854.39,1158.892
1756700700,2025-09-01 04:25:00+00:00,854.39,854.4,851.55,852.42,2099.504
1756701000,2025-09-01 04:30:00+00:00,852.42,852.42,850.47,850.95,1335.985
1756701300,2025-09-01 04:35:00+00:00,850.96,851.17,850.04,850.72,654.816
1756701600,2025-09-01 04:40:00+00:00,850.72,851.0,850.18,850.36,645.293
1756701900,2025-09-01 04:45:00+00:00,850.35,850.76,849.38,850.49,1818.484
1756702200,2025-09-01 04:50:00+00:00,850.49,852.01,850.4,851.95,528.344
1756702500,2025-09-01 04:55:00+00:00,851.94,852.04,851.0,851.99,664.642
1756702800,2025-09-01 05:00:00+00:00,851.99,852.11,850.38,851.6,566.515
1756703100,2025-09-01 05:05:00+00:00,851.59,852.93,849.88,850.09,991.26
1756703400,2025-09-01 05:10:00+00:00,850.1,850.9,849.57,850.9,462.488
1756703700,2025-09-01 05:15:00+00:00,850.9,851.25,849.37,849.85,1040.598
1756704000,2025-09-01 05:20:00+00:00,849.85,852.87,849.85,852.51,379.837
1756704300,2025-09-01 05:25:00+00:00,852.5,852.94,852.19,852.88,312.373
1756704600,2025-09-01 05:30:00+00:00,852.89,852.96,851.68,852.06,923.093
1756704900,2025-09-01 05:35:00+00:00,852.07,854.4,851.9,854.3,609.92
1756705200,2025-09-01 05:40:00+00:00,854.3,854.92,853.82,854.52,654.264
1756705500,2025-09-01 05:45:00+00:00,854.52,854.72,853.8,853.91,449.011
1756705800,2025-09-01 05:50:00+00:00,853.91,854.7,853.66,854.11,583.194
1756706100,2025-09-01 05:55:00+00:00,854.1,854.28,853.2,853.27,673.594
1756706400,2025-09-01 06:00:00+00:00,853.27,853.48,851.38,851.38,540.076
1756706700,2025-09-01 06:05:00+00:00,851.37,851.64,850.44,850.99,781.709
1756707000,2025-09-01 06:10:00+00:00,850.99,851.86,850.7,851.69,1109.408
1756707300,2025-09-01 06:15:00+00:00,851.69,851.71,850.54,851.24,773.963
1756707600,2025-09-01 06:20:00+00:00,851.24,853.01,851.17,852.95,356.769
1756707900,2025-09-01 06:25:00+00:00,852.95,853.5,852.35,852.35,410.214
1756708200,2025-09-01 06:30:00+00:00,852.36,852.8,851.35,851.49,1070.918
1756708500,2025-09-01 06:35:00+00:00,851.49,854.01,851.4,853.58,1398.171
1756708800,2025-09-01 06:40:00+00:00,853.58,854.66,853.58,854.65,551.88
1756709100,2025-09-01 06:45:00+00:00,854.65,855.04,854.32,854.48,859.373
1756709400,2025-09-01 06:50:00+00:00,854.48,854.74,854.19,854.7,641.896
1756709700,2025-09-01 06:55:00+00:00,854.69,854.89,854.64,854.71,547.515
1756710000,2025-09-01 07:00:00+00:00,854.71,856.16,854.5,855.82,788.823
1756710300,2025-09-01 07:05:00+00:00,855.82,855.97,854.75,855.8,1137.844
1756710600,2025-09-01 07:10:00+00:00,855.8,856.0,854.76,854.88,875.958
1756710900,2025-09-01 07:15:00+00:00,854.89,858.14,854.88,858.01,923.825
1756711200,2025-09-01 07:20:00+00:00,858.0,859.79,857.97,858.91,1360.354
1756711500,2025-09-01 07:25:00+00:00,858.92,861.49,858.03,861.32,1257.345
1756711800,2025-09-01 07:30:00+00:00,861.32,863.44,860.61,862.64,1690.875
1756712100,2025-09-01 07:35:00+00:00,862.63,863.07,861.55,863.03,1397.592
1756712400,2025-09-01 07:40:00+00:00,863.04,863.5,862.46,863.5,836.036
1756712700,2025-09-01 07:45:00+00:00,863.5,866.3,863.5,866.16,2482.885
1756713000,2025-09-01 07:50:00+00:00,866.15,867.24,863.52,864.64,3253.479
1756713300,2025-09-01 07:55:00+00:00,864.64,865.64,864.5,865.56,942.897
1756713600,2025-09-01 08:00:00+00:00,865.57,869.15,865.56,866.69,3740.47
1756713900,2025-09-01 08:05:00+00:00,866.69,867.47,865.18,865.18,1989.646
1756714200,2025-09-01 08:10:00+00:00,865.18,865.8,864.27,865.24,2441.358
1756714500,2025-09-01 08:15:00+00:00,865.23,865.35,863.26,864.51,1987.761
1756714800,2025-09-01 08:20:00+00:00,864.5,866.64,864.43,865.56,4753.413
1756715100,2025-09-01 08:25:00+00:00,865.56,866.13,863.47,864.04,2984.212
1756715400,2025-09-01 08:30:00+00:00,864.04,864.78,863.7,864.45,1039.449
1756715700,2025-09-01 08:35:00+00:00,864.44,865.08,864.0,865.0,1470.258
1756716000,2025-09-01 08:40:00+00:00,865.0,866.24,865.0,865.53,2037.248
1756716300,2025-09-01 08:45:00+00:00,865.53,865.96,864.69,865.8,1629.024
1756716600,2025-09-01 08:50:00+00:00,865.8,866.14,864.43,864.45,1213.106
1756716900,2025-09-01 08:55:00+00:00,864.45,864.55,862.81,863.41,2266.584
1756717200,2025-09-01 09:00:00+00:00,863.41,864.47,862.64,864.31,1401.248
1756717500,2025-09-01 09:05:00+00:00,864.31,864.31,862.56,863.07,1158.916
1756717800,2025-09-01 09:10:00+00:00,863.08,863.5,862.4,862.79,1548.459
1756718100,2025-09-01 09:15:00+00:00,862.79,863.45,862.58,862.59,759.356
1756718400,2025-09-01 09:20:00+00:00,862.59,862.71,860.51,861.38,2548.598
1756718700,2025-09-01 09:25:00+00:00,861.38,861.79,861.19,861.3,706.955
1756719000,2025-09-01 09:30:00+00:00,861.3,862.0,860.79,861.78,863.423
1756719300,2025-09-01 09:35:00+00:00,861.78,861.88,860.86,861.71,625.312
1756719600,2025-09-01 09:40:00+00:00,861.7,861.95,861.2,861.5,682.49
1756719900,2025-09-01 09:45:00+00:00,861.5,861.56,860.5,860.8,1345.18
1756720200,2025-09-01 09:50:00+00:00,860.81,860.96,860.36,860.54,1071.899
1756720500,2025-09-01 09:55:00+00:00,860.55,860.55,858.09,858.19,2548.3
1756720800,2025-09-01 10:00:00+00:00,858.19,858.23,856.65,857.23,2829.666
1756721100,2025-09-01 10:05:00+00:00,857.24,857.84,857.07,857.64,1498.219
1756721400,2025-09-01 10:10:00+00:00,857.64,858.0,856.52,856.59,1596.23
1756721700,2025-09-01 10:15:00+00:00,856.59,856.7,855.06,855.63,1193.689
1756722000,2025-09-01 10:20:00+00:00,855.63,855.63,853.01,853.52,2552.945
1756722300,2025-09-01 10:25:00+00:00,853.52,853.6,852.98,853.23,1000.312
1756722600,2025-09-01 10:30:00+00:00,853.23,853.34,851.3,853.04,1289.514
1756722900,2025-09-01 10:35:00+00:00,853.03,853.43,851.13,851.24,1300.078
1756723200,2025-09-01 10:40:00+00:00,851.24,853.6,851.0,853.56,1679.93
1756723500,2025-09-01 10:45:00+00:00,853.56,853.56,852.0,852.89,641.368
1756723800,2025-09-01 10:50:00+00:00,852.9,853.86,852.61,853.86,489.002
1756724100,2025-09-01 10:55:00+00:00,853.85,854.24,853.5,853.78,768.414
1756724400,2025-09-01 11:00:00+00:00,853.78,856.03,853.3,856.01,1317.066
1756724700,2025-09-01 11:05:00+00:00,856.01,856.01,855.05,855.4,1254.842
1756725000,2025-09-01 11:10:00+00:00,855.4,855.42,854.11,854.12,411.063
1756725300,2025-09-01 11:15:00+00:00,854.12,854.7,853.6,854.3,545.324
1756725600,2025-09-01 11:20:00+00:00,854.3,855.38,854.3,854.41,376.559
1756725900,2025-09-01 11:25:00+00:00,854.4,854.45,853.61,854.31,609.231
1756726200,2025-09-01 11:30:00+00:00,854.31,854.31,852.7,854.24,676.992
1756726500,2025-09-01 11:35:00+00:00,854.24,854.25,852.67,852.68,626.891
1756726800,2025-09-01 11:40:00+00:00,852.68,853.16,851.66,851.67,879.528
1756727100,2025-09-01 11:45:00+00:00,851.67,853.47,851.67,853.39,1149.821
1756727400,2025-09-01 11:50:00+00:00,853.39,853.4,852.44,853.18,547.841
1756727700,2025-09-01 11:55:00+00:00,853.19,853.59,851.8,852.2,647.955
1756728000,2025-09-01 12:00:00+00:00,852.2,852.2,851.21,851.73,500.841
1756728300,2025-09-01 12:05:00+00:00,851.72,852.97,851.63,852.94,593.06
1756728600,2025-09-01 12:10:00+00:00,852.94,853.12,852.0,852.5,690.62
1756728900,2025-09-01 12:15:00+00:00,852.5,852.92,851.77,852.55,609.91
1756729200,2025-09-01 12:20:00+00:00,852.56,853.32,851.7,853.32,540.205
1756729500,2025-09-01 12:25:00+00:00,853.32,853.39,852.57,852.58,764.972
1756729800,2025-09-01 12:30:00+00:00,852.57,853.2,852.1,853.03,469.641
1756730100,2025-09-01 12:35:00+00:00,853.03,853.72,852.97,853.51,606.012
1756730400,2025-09-01 12:40:00+00:00,853.51,853.52,851.87,851.9,1001.986
1756730700,2025-09-01 12:45:00+00:00,851.9,853.2,851.58,853.12,780.163
1756731000,2025-09-01 12:50:00+00:00,853.12,853.4,851.9,852.39,484.268
1756731300,2025-09-01 12:55:00+00:00,852.4,853.33,852.4,853.06,681.114
1756731600,2025-09-01 13:00:00+00:00,853.05,853.5,852.53,853.07,589.493
1756731900,2025-09-01 13:05:00+00:00,853.08,854.18,853.01,853.99,719.816
1756732200,2025-09-01 13:10:00+00:00,853.98,853.99,852.94,853.4,532.239
1756732500,2025-09-01 13:15:00+00:00,853.39,853.8,852.49,853.8,842.632
1756732800,2025-09-01 13:20:00+00:00,853.8,854.96,853.8,854.28,1528.251
1756733100,2025-09-01 13:25:00+00:00,854.29,855.18,854.18,854.44,580.46
1756733400,2025-09-01 13:30:00+00:00,854.45,854.6,853.44,854.1,669.919
1756733700,2025-09-01 13:35:00+00:00,854.11,854.3,853.29,853.7,604.639
1756734000,2025-09-01 13:40:00+00:00,853.69,853.87,852.55,852.57,486.484
1756734300,2025-09-01 13:45:00+00:00,852.56,853.1,851.12,852.29,1070.864
1756734600,2025-09-01 13:50:00+00:00,852.29,852.4,851.69,851.69,423.063
1756734900,2025-09-01 13:55:00+00:00,851.69,852.1,851.12,852.09,461.494
1756735200,2025-09-01 14:00:00+00:00,852.09,853.4,851.9,853.16,581.329
1756735500,2025-09-01 14:05:00+00:00,853.15,854.07,853.0,853.36,478.664
1756735800,2025-09-01 14:10:00+00:00,853.37,853.9,852.71,853.01,426.918
1756736100,2025-09-01 14:15:00+00:00,853.0,853.67,852.5,853.22,996.5
1756736400,2025-09-01 14:20:00+00:00,853.23,853.23,851.89,852.72,1108.357
1756736700,2025-09-01 14:25:00+00:00,852.73,853.4,852.28,852.51,485.525
1756737000,2025-09-01 14:30:00+00:00,852.52,852.77,851.05,851.05,806.69
1756737300,2025-09-01 14:35:00+00:00,851.05,852.28,850.74,852.18,728.826
1756737600,2025-09-01 14:40:00+00:00,852.17,852.18,851.76,851.99,246.409
1756737900,2025-09-01 14:45:00+00:00,851.98,851.99,850.99,851.87,1247.096
1756738200,2025-09-01 14:50:00+00:00,851.87,852.74,851.53,852.69,350.476
1756738500,2025-09-01 14:55:00+00:00,852.69,853.39,852.47,852.48,214.859
1756738800,2025-09-01 15:00:00+00:00,852.47,852.5,847.58,851.69,8781.894
1756739100,2025-09-01 15:05:00+00:00,851.7,852.13,850.15,850.25,493.412
1756739400,2025-09-01 15:10:00+00:00,850.25,850.8,848.86,850.5,1940.734
1756739700,2025-09-01 15:15:00+00:00,850.5,851.13,850.2,850.73,532.705
1756740000,2025-09-01 15:20:00+00:00,850.73,850.76,849.16,849.61,467.103
1756740300,2025-09-01 15:25:00+00:00,849.62,850.08,849.15,849.8,849.557
1756740600,2025-09-01 15:30:00+00:00,849.81,850.4,849.3,849.77,577.651
1756740900,2025-09-01 15:35:00+00:00,849.77,850.37,849.49,849.98,476.362
1756741200,2025-09-01 15:40:00+00:00,849.97,849.97,849.16,849.34,945.616
1756741500,2025-09-01 15:45:00+00:00,849.34,849.61,846.0,846.08,1704.885
1756741800,2025-09-01 15:50:00+00:00,846.09,846.36,844.22,846.27,2372.502
1756742100,2025-09-01 15:55:00+00:00,846.28,847.52,846.1,847.2,538.678
1756742400,2025-09-01 16:00:00+00:00,847.19,847.25,845.52,846.32,669.235
1756742700,2025-09-01 16:05:00+00:00,846.32,847.56,846.14,846.73,512.035
1756743000,2025-09-01 16:10:00+00:00,846.73,848.1,846.35,848.09,404.1
1756743300,2025-09-01 16:15:00+00:00,848.09,848.1,846.76,847.79,282.675
1756743600,2025-09-01 16:20:00+00:00,847.8,848.2,847.2,847.5,207.936
1756743900,2025-09-01 16:25:00+00:00,847.51,848.55,847.4,847.81,234.564
1756744200,2025-09-01 16:30:00+00:00,847.81,848.2,847.1,848.17,477.323
1756744500,2025-09-01 16:35:00+00:00,848.18,848.5,847.5,847.64,227.992
1756744800,2025-09-01 16:40:00+00:00,847.63,848.0,846.57,847.78,474.469
1756745100,2025-09-01 16:45:00+00:00,847.77,849.03,847.7,847.93,869.031
1756745400,2025-09-01 16:50:00+00:00,847.92,848.0,846.71,846.95,328.98
1756745700,2025-09-01 16:55:00+00:00,846.95,848.07,846.72,847.88,239.446
1756746000,2025-09-01 17:00:00+00:00,847.88,847.96,847.11,847.56,209.299
1756746300,2025-09-01 17:05:00+00:00,847.57,847.99,847.14,847.16,375.633
1756746600,2025-09-01 17:10:00+00:00,847.15,847.21,845.25,845.96,876.677
1756746900,2025-09-01 17:15:00+00:00,845.96,846.48,845.68,846.1,229.354
1756747200,2025-09-01 17:20:00+00:00,846.1,846.54,845.12,845.6,436.317
1756747500,2025-09-01 17:25:00+00:00,845.6,845.64,844.54,845.64,2636.197
1756747800,2025-09-01 17:30:00+00:00,845.64,845.77,844.08,844.29,545.818
1756748100,2025-09-01 17:35:00+00:00,844.29,845.72,844.25,844.54,509.463
1756748400,2025-09-01 17:40:00+00:00,844.54,845.4,844.24,845.4,351.857
1756748700,2025-09-01 17:45:00+00:00,845.39,845.69,843.82,844.0,1069.186
1756749000,2025-09-01 17:50:00+00:00,844.0,845.3,843.99,844.58,335.169
1756749300,2025-09-01 17:55:00+00:00,844.58,846.07,844.57,845.76,515.145
1756749600,2025-09-01 18:00:00+00:00,845.76,846.3,845.24,846.14,446.336
1756749900,2025-09-01 18:05:00+00:00,846.15,847.0,845.44,845.71,401.421
1756750200,2025-09-01 18:10:00+00:00,845.73,847.1,845.72,846.61,344.918
1756750500,2025-09-01 18:15:00+00:00,846.61,847.0,846.09,846.8,291.044
1756750800,2025-09-01 18:20:00+00:00,846.8,846.8,845.8,845.8,385.183
1756751100,2025-09-01 18:25:00+00:00,845.8,846.32,845.5,845.85,276.45
1756751400,2025-09-01 18:30:00+00:00,845.85,846.7,845.84,846.11,196.881
1756751700,2025-09-01 18:35:00+00:00,846.11,846.5,845.52,846.0,171.729
1756752000,2025-09-01 18:40:00+00:00,846.0,846.94,845.81,846.6,219.107
1756752300,2025-09-01 18:45:00+00:00,846.61,847.16,846.4,846.79,159.975
1756752600,2025-09-01 18:50:00+00:00,846.8,847.36,846.37,847.36,264.409
1756752900,2025-09-01 18:55:00+00:00,847.36,847.57,847.2,847.41,155.169
1756753200,2025-09-01 19:00:00+00:00,847.41,847.98,846.97,847.98,246.783
1756753500,2025-09-01 19:05:00+00:00,847.97,848.19,847.3,847.87,692.733
1756753800,2025-09-01 19:10:00+00:00,847.88,848.04,847.58,847.9,179.389
1756754100,2025-09-01 19:15:00+00:00,847.89,848.44,847.12,847.35,610.22
1756754400,2025-09-01 19:20:00+00:00,847.35,848.5,847.34,848.13,586.119
1756754700,2025-09-01 19:25:00+00:00,848.13,848.13,847.2,847.27,266.468
1756755000,2025-09-01 19:30:00+00:00,847.27,848.1,847.17,847.99,133.105
1756755300,2025-09-01 19:35:00+00:00,847.99,848.8,847.87,848.69,349.147
1756755600,2025-09-01 19:40:00+00:00,848.69,848.78,848.23,848.6,193.511
1756755900,2025-09-01 19:45:00+00:00,848.6,848.93,848.2,848.21,129.623
1756756200,2025-09-01 19:50:00+00:00,848.2,848.93,848.0,848.9,111.742
1756756500,2025-09-01 19:55:00+00:00,848.9,849.4,848.89,849.38,108.972
1756756800,2025-09-01 20:00:00+00:00,849.39,849.44,848.51,849.21,502.407
1756757100,2025-09-01 20:05:00+00:00,849.21,849.21,848.35,848.9,230.941
1756757400,2025-09-01 20:10:00+00:00,848.9,849.14,848.19,848.2,195.783
1756757700,2025-09-01 20:15:00+00:00,848.2,848.3,847.21,847.7,259.065
1756758000,2025-09-01 20:20:00+00:00,847.7,847.84,847.21,847.22,179.933
1756758300,2025-09-01 20:25:00+00:00,847.22,847.93,847.22,847.91,109.302
1756758600,2025-09-01 20:30:00+00:00,847.91,847.91,847.0,847.59,207.426
1756758900,2025-09-01 20:35:00+00:00,847.6,847.6,842.8,843.76,1455.916
1756759200,2025-09-01 20:40:00+00:00,843.77,844.94,840.23,840.24,2887.221
1756759500,2025-09-01 20:45:00+00:00,840.24,844.39,840.0,843.5,5185.914
1756759800,2025-09-01 20:50:00+00:00,843.5,844.64,843.5,844.45,346.078
1756760100,2025-09-01 20:55:00+00:00,844.45,845.73,842.9,845.67,1693.269
1756760400,2025-09-01 21:00:00+00:00,845.68,846.09,842.64,843.51,1399.598
1756760700,2025-09-01 21:05:00+00:00,843.5,844.89,842.49,844.23,988.514
1756761000,2025-09-01 21:10:00+00:00,844.24,844.38,842.57,843.36,361.795
1756761300,2025-09-01 21:15:00+00:00,843.35,844.1,842.19,842.41,529.406
1756761600,2025-09-01 21:20:00+00:00,842.4,843.9,841.88,843.18,972.889
1756761900,2025-09-01 21:25:00+00:00,843.18,844.28,843.14,843.45,857.817
1756762200,2025-09-01 21:30:00+00:00,843.45,843.64,841.9,842.27,488.21
1756762500,2025-09-01 21:35:00+00:00,842.27,842.76,841.56,841.83,681.799
1756762800,2025-09-01 21:40:00+00:00,841.82,841.83,840.0,840.49,1318.106
1756763100,2025-09-01 21:45:00+00:00,840.49,845.88,840.19,843.1,2125.555
1756763400,2025-09-01 21:50:00+00:00,843.1,843.1,841.49,841.99,612.035
1756763700,2025-09-01 21:55:00+00:00,841.99,844.74,841.2,843.9,1145.588
1756764000,2025-09-01 22:00:00+00:00,843.9,843.96,841.6,842.0,1408.147
1756764300,2025-09-01 22:05:00+00:00,842.0,842.5,841.6,842.03,754.391
1756764600,2025-09-01 22:10:00+00:00,842.04,844.0,842.0,843.71,630.683
1756764900,2025-09-01 22:15:00+00:00,843.71,845.08,843.58,845.08,249.64
1756765200,2025-09-01 22:20:00+00:00,845.08,845.79,842.63,844.28,1463.065
1756765500,2025-09-01 22:25:00+00:00,844.28,844.77,843.1,843.13,415.701
1756765800,2025-09-01 22:30:00+00:00,843.13,843.6,842.37,843.59,205.583
1756766100,2025-09-01 22:35:00+00:00,843.59,844.96,843.48,843.6,866.528
1756766400,2025-09-01 22:40:00+00:00,843.59,843.59,842.3,842.31,356.026
1756766700,2025-09-01 22:45:00+00:00,842.3,843.93,841.91,843.7,437.677
1756767000,2025-09-01 22:50:00+00:00,843.7,844.79,843.6,844.31,261.354
1756767300,2025-09-01 22:55:00+00:00,844.3,844.94,844.26,844.67,372.26
1756767600,2025-09-01 23:00:00+00:00,844.66,846.04,844.64,845.39,586.638
1756767900,2025-09-01 23:05:00+00:00,845.38,845.38,844.44,844.61,203.274
1756768200,2025-09-01 23:10:00+00:00,844.62,846.38,844.61,846.16,429.8
1756768500,2025-09-01 23:15:00+00:00,846.16,846.16,844.9,845.69,192.432
1756768800,2025-09-01 23:20:00+00:00,845.69,845.9,844.5,844.64,446.311
1756769100,2025-09-01 23:25:00+00:00,844.64,845.69,844.63,845.69,178.957
1756769400,2025-09-01 23:30:00+00:00,845.69,845.69,844.53,845.16,208.126
1756769700,2025-09-01 23:35:00+00:00,845.16,847.05,845.15,847.05,560.65
1756770000,2025-09-01 23:40:00+00:00,847.04,847.24,844.27,845.23,2043.136
1756770300,2025-09-01 23:45:00+00:00,845.23,847.61,845.15,845.69,987.773
1756770600,2025-09-01 23:50:00+00:00,845.69,846.02,845.41,845.78,451.441
1756770900,2025-09-01 23:55:00+00:00,845.78,845.98,845.6,845.68,649.67
1756771200,2025-09-02 00:00:00+00:00,845.68,845.96,845.05,845.48,1676.696
1756771500,2025-09-02 00:05:00+00:00,845.48,845.85,845.26,845.45,322.557
1756771800,2025-09-02 00:10:00+00:00,845.45,845.8,844.11,844.7,1597.552
1756772100,2025-09-02 00:15:00+00:00,844.7,845.26,843.7,844.96,1767.789
1756772400,2025-09-02 00:20:00+00:00,844.96,845.85,844.8,845.39,600.571
1756772700,2025-09-02 00:25:00+00:00,845.39,846.02,843.91,844.3,1211.184
1756773000,2025-09-02 00:30:00+00:00,844.3,845.22,843.29,844.86,805.371
1756773300,2025-09-02 00:35:00+00:00,844.86,844.86,843.65,844.38,374.201
1756773600,2025-09-02 00:40:00+00:00,844.37,844.44,843.52,843.64,221.543
1756773900,2025-09-02 00:45:00+00:00,843.64,845.04,843.41,844.87,260.645
1756774200,2025-09-02 00:50:00+00:00,844.87,845.52,844.86,844.95,120.154
1756774500,2025-09-02 00:55:00+00:00,844.94,845.58,844.5,845.58,135.142
1756774800,2025-09-02 01:00:00+00:00,845.58,847.0,845.48,846.99,368.403
1756775100,2025-09-02 01:05:00+00:00,847.0,847.31,846.67,846.88,292.913
1756775400,2025-09-02 01:10:00+00:00,846.89,847.81,846.8,847.3,330.481
1756775700,2025-09-02 01:15:00+00:00,847.31,847.54,846.1,847.34,785.029
1756776000,2025-09-02 01:20:00+00:00,847.35,848.74,847.34,848.5,392.596
1756776300,2025-09-02 01:25:00+00:00,848.5,848.54,847.5,848.41,244.889
1756776600,2025-09-02 01:30:00+00:00,848.42,848.74,847.25,847.37,383.642
1756776900,2025-09-02 01:35:00+00:00,847.38,847.79,846.85,847.79,167.635
1756777200,2025-09-02 01:40:00+00:00,847.79,849.69,847.61,849.34,627.207
1756777500,2025-09-02 01:45:00+00:00,849.34,850.23,848.9,850.23,476.523
1756777800,2025-09-02 01:50:00+00:00,850.22,850.31,849.7,849.71,286.822
1756778100,2025-09-02 01:55:00+00:00,849.7,849.74,848.8,848.86,294.783
1756778400,2025-09-02 02:00:00+00:00,848.87,849.8,848.72,849.79,252.235
1756778700,2025-09-02 02:05:00+00:00,849.8,850.59,849.77,849.77,310.455
1756779000,2025-09-02 02:10:00+00:00,849.77,849.9,849.21,849.75,246.859
1756779300,2025-09-02 02:15:00+00:00,849.74,849.88,848.53,849.3,240.904
1756779600,2025-09-02 02:20:00+00:00,849.3,850.9,849.3,850.86,238.663
1756779900,2025-09-02 02:25:00+00:00,850.86,851.0,850.2,850.28,176.417
1756780200,2025-09-02 02:30:00+00:00,850.29,850.85,850.0,850.81,295.039
1756780500,2025-09-02 02:35:00+00:00,850.81,852.46,850.74,852.21,824.674
1756780800,2025-09-02 02:40:00+00:00,852.22,852.22,851.0,852.04,364.467
1756781100,2025-09-02 02:45:00+00:00,852.04,852.04,850.47,851.3,1137.978
1756781400,2025-09-02 02:50:00+00:00,851.3,852.47,851.28,851.88,400.442
1756781700,2025-09-02 02:55:00+00:00,851.89,853.79,851.88,853.63,567.231
1756782000,2025-09-02 03:00:00+00:00,853.64,854.0,852.18,852.26,1236.116
1756782300,2025-09-02 03:05:00+00:00,852.26,854.0,852.25,853.23,925.182
1756782600,2025-09-02 03:10:00+00:00,853.24,853.86,853.2,853.86,379.335
1756782900,2025-09-02 03:15:00+00:00,853.86,854.28,852.81,852.81,488.795
1756783200,2025-09-02 03:20:00+00:00,852.82,853.01,852.5,852.71,337.127
1756783500,2025-09-02 03:25:00+00:00,852.71,852.75,851.37,851.76,515.604
1756783800,2025-09-02 03:30:00+00:00,851.77,851.8,850.29,850.8,740.757
1756784100,2025-09-02 03:35:00+00:00,850.8,851.63,850.79,850.9,542.877
1756784400,2025-09-02 03:40:00+00:00,850.9,851.98,850.89,851.69,205.213
1756784700,2025-09-02 03:45:00+00:00,851.7,852.47,851.69,852.41,369.032
1756785000,2025-09-02 03:50:00+00:00,852.4,852.8,852.35,852.6,247.055
1756785300,2025-09-02 03:55:00+00:00,852.6,852.6,852.16,852.4,168.713
1756785600,2025-09-02 04:00:00+00:00,852.41,852.43,851.59,851.72,547.22
1756785900,2025-09-02 04:05:00+00:00,851.73,851.9,851.45,851.59,179.223
1756786200,2025-09-02 04:10:00+00:00,851.59,852.0,850.61,850.76,870.091
1756786500,2025-09-02 04:15:00+00:00,850.75,851.74,850.75,851.66,477.075
1756786800,2025-09-02 04:20:00+00:00,851.66,852.43,851.65,852.19,272.444
1756787100,2025-09-02 04:25:00+00:00,852.18,852.18,851.6,852.01,306.095
1756787400,2025-09-02 04:30:00+00:00,852.01,852.53,852.0,852.3,294.417
1756787700,2025-09-02 04:35:00+00:00,852.3,852.65,852.0,852.11,563.595
1756788000,2025-09-02 04:40:00+00:00,852.12,852.8,852.12,852.79,184.417
1756788300,2025-09-02 04:45:00+00:00,852.8,853.28,852.2,852.21,300.497
1756788600,2025-09-02 04:50:00+00:00,852.21,852.56,852.0,852.56,148.95
1756788900,2025-09-02 04:55:00+00:00,852.56,853.55,852.56,853.55,324.491
1756789200,2025-09-02 05:00:00+00:00,853.55,853.88,852.16,852.28,587.106
1756789500,2025-09-02 05:05:00+00:00,852.28,852.28,851.4,851.55,244.266
1756789800,2025-09-02 05:10:00+00:00,851.55,852.54,851.54,852.54,223.436
1756790100,2025-09-02 05:15:00+00:00,852.54,852.8,851.91,852.64,318.023
1756790400,2025-09-02 05:20:00+00:00,852.65,852.8,852.07,852.48,195.363
1756790700,2025-09-02 05:25:00+00:00,852.48,852.89,852.47,852.86,189.474
1756791000,2025-09-02 05:30:00+00:00,852.86,853.0,852.52,852.86,340.237
1756791300,2025-09-02 05:35:00+00:00,852.87,853.0,852.4,852.62,420.946
1756791600,2025-09-02 05:40:00+00:00,852.62,852.84,852.01,852.08,281.472
1756791900,2025-09-02 05:45:00+00:00,852.08,852.37,851.26,851.81,979.507
1756792200,2025-09-02 05:50:00+00:00,851.81,852.35,851.8,852.21,308.795
1756792500,2025-09-02 05:55:00+00:00,852.22,852.39,852.21,852.38,155.671
1756792800,2025-09-02 06:00:00+00:00,852.39,853.0,852.04,852.8,517.136
1756793100,2025-09-02 06:05:00+00:00,852.8,853.3,852.33,852.91,371.045
1756793400,2025-09-02 06:10:00+00:00,852.91,853.14,852.2,852.95,207.391
1756793700,2025-09-02 06:15:00+00:00,852.95,853.48,852.4,853.44,390.9
1756794000,2025-09-02 06:20:00+00:00,853.43,853.77,853.36,853.61,244.856
1756794300,2025-09-02 06:25:00+00:00,853.61,853.61,853.2,853.3,237.501
1756794600,2025-09-02 06:30:00+00:00,853.31,853.48,852.76,853.48,335.696
1756794900,2025-09-02 06:35:00+00:00,853.48,854.24,853.48,854.24,478.994
1756795200,2025-09-02 06:40:00+00:00,854.24,854.58,854.04,854.11,519.664
1756795500,2025-09-02 06:45:00+00:00,854.11,854.98,854.06,854.71,689.582
1756795800,2025-09-02 06:50:00+00:00,854.71,854.87,854.07,854.87,309.449
1756796100,2025-09-02 06:55:00+00:00,854.87,855.76,854.87,855.1,427.595
1756796400,2025-09-02 07:00:00+00:00,855.1,855.36,854.51,854.91,568.751
1756796700,2025-09-02 07:05:00+00:00,854.91,855.1,854.7,855.08,395.581
1756797000,2025-09-02 07:10:00+00:00,855.08,855.1,854.1,854.15,533.912
1756797300,2025-09-02 07:15:00+00:00,854.14,855.0,854.1,854.6,637.468
1756797600,2025-09-02 07:20:00+00:00,854.6,854.6,853.46,853.51,1135.022
1756797900,2025-09-02 07:25:00+00:00,853.51,854.79,853.5,854.77,1037.621
1756798200,2025-09-02 07:30:00+00:00,854.77,855.6,854.68,854.9,719.299
1756798500,2025-09-02 07:35:00+00:00,854.9,855.81,854.5,854.96,783.568
1756798800,2025-09-02 07:40:00+00:00,854.96,855.4,854.88,855.31,628.249
1756799100,2025-09-02 07:45:00+00:00,855.31,855.8,854.73,854.73,872.047
1756799400,2025-09-02 07:50:00+00:00,854.73,854.74,853.2,854.14,883.942
1756799700,2025-09-02 07:55:00+00:00,854.15,855.2,854.15,855.2,659.71
1756800000,2025-09-02 08:00:00+00:00,855.2,855.94,854.5,855.6,1190.045
1756800300,2025-09-02 08:05:00+00:00,855.6,856.68,855.3,856.23,954.958
1756800600,2025-09-02 08:10:00+00:00,856.23,856.6,855.0,855.07,985.273
1756800900,2025-09-02 08:15:00+00:00,855.07,855.99,855.06,855.74,783.358
1756801200,2025-09-02 08:20:00+00:00,855.75,856.63,855.74,855.96,1018.398
1756801500,2025-09-02 08:25:00+00:00,855.96,856.48,855.66,856.09,444.541
1756801800,2025-09-02 08:30:00+00:00,856.1,856.3,854.7,854.71,1035.781
1756802100,2025-09-02 08:35:00+00:00,854.71,855.7,854.7,855.69,608.173
1756802400,2025-09-02 08:40:00+00:00,855.7,856.46,855.64,856.2,688.864
1756802700,2025-09-02 08:45:00+00:00,856.19,856.5,855.9,856.35,591.353
1756803000,2025-09-02 08:50:00+00:00,856.36,856.64,856.24,856.45,680.336
1756803300,2025-09-02 08:55:00+00:00,856.45,856.46,855.3,855.31,526.23
1756803600,2025-09-02 09:00:00+00:00,855.31,855.93,855.0,855.4,1037.726
1756803900,2025-09-02 09:05:00+00:00,855.39,855.4,853.0,854.81,1095.755
1756804200,2025-09-02 09:10:00+00:00,854.81,855.68,854.26,855.22,1183.918
1756804500,2025-09-02 09:15:00+00:00,855.22,855.56,855.09,855.37,604.797
1756804800,2025-09-02 09:20:00+00:00,855.38,855.6,854.02,854.46,968.08
1756805100,2025-09-02 09:25:00+00:00,854.45,854.62,853.74,854.11,776.771
1756805400,2025-09-02 09:30:00+00:00,854.12,854.36,853.52,853.69,782.405
1756805700,2025-09-02 09:35:00+00:00,853.7,854.51,853.69,854.5,731.925
1756806000,2025-09-02 09:40:00+00:00,854.5,854.5,854.01,854.23,823.38
1756806300,2025-09-02 09:45:00+00:00,854.24,854.24,853.53,853.61,858.611
1756806600,2025-09-02 09:50:00+00:00,853.6,853.8,852.02,852.38,2160.715
1756806900,2025-09-02 09:55:00+00:00,852.38,852.48,851.31,852.14,1737.236
1756807200,2025-09-02 10:00:00+00:00,852.14,852.6,850.16,851.0,3411.259
1756807500,2025-09-02 10:05:00+00:00,851.01,851.26,848.49,849.28,2269.406
1756807800,2025-09-02 10:10:00+00:00,849.27,850.02,849.02,849.84,1104.741
1756808100,2025-09-02 10:15:00+00:00,849.85,850.02,848.56,848.56,785.155
1756808400,2025-09-02 10:20:00+00:00,848.56,849.74,848.48,849.41,639.872
1756808700,2025-09-02 10:25:00+00:00,849.41,849.88,849.16,849.45,803.988
1756809000,2025-09-02 10:30:00+00:00,849.45,849.64,849.41,849.46,387.326
1756809300,2025-09-02 10:35:00+00:00,849.46,851.55,849.45,851.55,1334.005
1756809600,2025-09-02 10:40:00+00:00,851.55,851.97,850.8,851.54,587.373
1756809900,2025-09-02 10:45:00+00:00,851.55,851.7,850.51,851.39,908.393
1756810200,2025-09-02 10:50:00+00:00,851.39,851.48,851.12,851.2,314.176
1756810500,2025-09-02 10:55:00+00:00,851.2,851.46,851.19,851.46,310.741
1756810800,2025-09-02 11:00:00+00:00,851.45,851.7,851.25,851.41,283.263
1756811100,2025-09-02 11:05:00+00:00,851.41,851.41,850.92,850.99,252.471
1756811400,2025-09-02 11:10:00+00:00,851.0,851.25,850.1,850.26,310.037
1756811700,2025-09-02 11:15:00+00:00,850.26,850.96,850.04,850.04,705.531
1756812000,2025-09-02 11:20:00+00:00,850.03,850.65,849.8,850.49,516.392
1756812300,2025-09-02 11:25:00+00:00,850.48,850.8,849.59,849.6,767.587
1756812600,2025-09-02 11:30:00+00:00,849.6,850.72,849.15,849.62,565.393
1756812900,2025-09-02 11:35:00+00:00,849.61,850.13,849.16,849.17,233.638
1756813200,2025-09-02 11:40:00+00:00,849.17,849.99,848.86,848.93,778.274
1756813500,2025-09-02 11:45:00+00:00,848.93,849.8,848.89,849.18,534.238
1756813800,2025-09-02 11:50:00+00:00,849.18,849.19,848.7,848.81,314.868
1756814100,2025-09-02 11:55:00+00:00,848.81,849.0,846.72,847.71,1311.071
1756814400,2025-09-02 12:00:00+00:00,847.7,848.35,847.6,848.21,115.518
